{"cameraMode":{"drawMode":0,"name":"Shaded","section":"Shading Mode"},"sceneLighting":false,"audioPlay":false,"sceneViewState":{"m_AlwaysRefresh":false,"showFog":true,"showSkybox":false,"showFlares":true,"showImageEffects":true,"showParticleSystems":true,"showVisualEffectGraphs":true,"m_FxEnabled":true},"in2DMode":false,"pivot":{"x":-0.2509859800338745,"y":0.5959677696228027,"z":0.10650038719177246},"rotation":{"x":0.013176348991692067,"y":0.9768896102905273,"z":-0.20393969118595124,"w":0.06308040767908097},"size":1.1167914867401124,"orthographic":false}