{"cameraMode":{"drawMode":0,"name":"Shaded","section":"Shading Mode"},"sceneLighting":true,"audioPlay":false,"sceneViewState":{"m_AlwaysRefresh":false,"showFog":true,"showSkybox":false,"showFlares":true,"showImageEffects":true,"showParticleSystems":true,"showVisualEffectGraphs":true,"m_FxEnabled":true},"in2DMode":false,"pivot":{"x":-98.96501159667969,"y":2.3675003051757814,"z":13.986054420471192},"rotation":{"x":-0.49320027232170107,"y":-0.37258628010749819,"z":0.24614553153514863,"w":-0.7465673089027405},"size":47.132118225097659,"orthographic":false}