{"cameraMode":{"drawMode":0,"name":"Shaded","section":"Shading Mode"},"sceneLighting":true,"audioPlay":false,"sceneViewState":{"m_AlwaysRefresh":false,"showFog":true,"showSkybox":true,"showFlares":true,"showImageEffects":true,"showParticleSystems":true,"showVisualEffectGraphs":true,"m_FxEnabled":true},"in2DMode":false,"pivot":{"x":-105.85387420654297,"y":59.414920806884769,"z":-0.5838496685028076},"rotation":{"x":-0.3359072804450989,"y":-0.46067681908607485,"z":0.19370043277740479,"w":-0.7993651032447815},"size":0.2856963872909546,"orthographic":false}