{"cameraMode":{"drawMode":0,"name":"Shaded","section":"Shading Mode"},"sceneLighting":true,"audioPlay":false,"sceneViewState":{"m_AlwaysRefresh":false,"showFog":true,"showSkybox":true,"showFlares":true,"showImageEffects":true,"showParticleSystems":true,"showVisualEffectGraphs":true,"m_FxEnabled":true},"in2DMode":false,"pivot":{"x":-22.780776977539064,"y":3.124177932739258,"z":6.532567501068115},"rotation":{"x":0.17976951599121095,"y":0.6230384111404419,"z":-0.14706538617610932,"w":0.7474006414413452},"size":1.8651736974716187,"orthographic":false}