{"cameraMode":{"drawMode":0,"name":"Shaded","section":"Shading Mode"},"sceneLighting":true,"audioPlay":false,"sceneViewState":{"m_AlwaysRefresh":false,"showFog":true,"showSkybox":true,"showFlares":true,"showImageEffects":true,"showParticleSystems":true,"showVisualEffectGraphs":true,"m_FxEnabled":true},"in2DMode":false,"pivot":{"x":-108.18093872070313,"y":1.8313100337982178,"z":2.0632691383361818},"rotation":{"x":-0.20003202557563783,"y":0.38377225399017336,"z":-0.08554597944021225,"w":-0.8974428176879883},"size":0.6634017825126648,"orthographic":false}