{"cameraMode":{"drawMode":0,"name":"Shaded","section":"Shading Mode"},"sceneLighting":false,"audioPlay":false,"sceneViewState":{"m_AlwaysRefresh":false,"showFog":true,"showSkybox":false,"showFlares":true,"showImageEffects":true,"showParticleSystems":true,"showVisualEffectGraphs":true,"m_FxEnabled":true},"in2DMode":false,"pivot":{"x":-0.3279564380645752,"y":1.8904504776000977,"z":0.07710695266723633},"rotation":{"x":-0.08559313416481018,"y":-0.8904547691345215,"z":0.18765951693058015,"w":-0.4061357378959656},"size":2.6179001331329347,"orthographic":false}